"Baker, Richard"
"Bronson, AA"
"Buchan, David"
Carpi
"Chadbourne, Eugene"
"Chitty, Elizabeth"
General Idea (Collective)
"Hutton, Randy"
Jak
M/Associates
"McGlade, Terry"
"Mitchell, Roscoe"
"Partz, Felix"
"Woodrow, Paul"
"Zontal, Jorge"
CCMC Quartet (Collective)
"Chitty, Elisabeth"
Co-Motion (Collective)
"Eng, Lily"
"Lockwood, Frank"
"Higgins, Dick"
"McGlade, Terry"
"Viney, Windsor"
"Andersen, Eric"
"Bienvenue, Marcella"
"Bull, Hank"
"Chadbourne, Eugene"
"Dawson, Fielding"
General Idea (Collective)
"Goring, Trevor"
"Green, Marvin"
"Jamieson, Bill"
"Lake, Oliver"
"Leggett, Mike"
"Logan, John"
"Nations, Opal L."
New Dalta Ahkri
"Nicol, Nancy"
"Osborne, John"
"Ready, Patrick"
"Scherm, Gerd"
"Werk, Reindeer"
HP (Collective)
"Atchley, Dana"
"Bartlett, Martin"
"Bull, Hank"
CCMC Quartet (Collective)
"Craig, Kate"
General Idea (Collective)
"Goring, Trevor"
"Lake, Oliver"
"Metcalfe, Eric"
Mr. Peanut
"Nations, Opal L."
New Dalta Ahkri
"Ready, Patrick"
"Snow, Michael"
HP (Collective)
"Wong, Paul"
"D'or, Vic"
"Ozipko, Jerry"
"Walker, Victoria"
"Moller, Peter"
"Werk, Reindeer"
"Chadbourne, Eugene"
"Dawson, Fielding"
"Nichol, Nancy"
"Leggett, Mike"
"Anderson, Eric"
"Robertson, Clive"
"Lacy, Steve"
"Smith, Leo"
"Dubin, Larry"
"Anson, Peter"
"Mattes, Al"
"Sokol, Casey"
"PEANUT, Mr."
"Mitchell, John"
"Rosler, Martha"
"Bartlett, Martin"
"Carter, Dr. Alan"
"Gilbert, Gerry"
"Robertson, Clive"
Zonko
"Dreva, Jerry"
"Atchley, Dana"
"Chadbourne, Eugene"
"Robertson, Clive"
"Cavellini, Guglielmo Achille"
"Steele, Lisa"
Jak
"Graham, Dan"
"Werden, Rodney"
"Campbell, Colin"
"Chitty, Elizabeth"
"Mcglade, Terry"
"Buchan, David"
"Gilbert, Gerry"
Zonko
"Bartlett, Martin"
"Nations, Opal L."
New Dalta Ahkri
"Maddox, Paul"
"Brown, Wes"
"Davis, Anthony"
"Smith, Leo"
"Lake, Oliver"
"Sturman, Susan"
"Higdon, Christine"
"Godfree, Pamela"
"Geltner, Gail"
"Graham, Heather"
"Wortsman, Wendy"
"Klunder, Barbara"
"Matoush, Glenna"
"Geltner, Gail"
"Moure, Erin"
"Britton, Susan"
"Coutts-Smith, Kenneth"
"Filliou, Robert"
"Higgins, Dick"
"Mays, John Bentley"
"Nations, Opal L."
"Oswald, John"
"Sherman, Tom"
"Snow, Michael"
"Werden, Rodney"
"Chadbourne, Eugene"
"Mommer, Paul"
"Ketchenson, Dale"
"Mccarroll, Billy"
"Woodrow, Paul"
"Gjertsen, Shelley"
"Jamieson, Bill"
"Joosen, Willie"
"Logan, John"
"Madeson, Brent"
"Minchau, Cliff"
"Tillesly, Bob"
"Dragu, Margaret"
Campana. Enrico
"Dean, Tom"
"Nations, Opal L."
"Cumming, Robert"
"Oswald, John"
"Filliou, Robert"
"Metcalfe, Eric"
Ant Farm
"Tourbin, Dennis"
"Walker, Victoria"
"MacCaffery, Steve"
"Maclennan, Joss"
"Sturman, Susan"
"Gautreau, Suzanne"
"Cohen, Lynne"
"Hitzeroth, Connie"
"Higdon, Christine"
"Channer, Grace"
"Dionisi, Sandra"
"Paxton, Maureen"
"Thornhill, Jan"
"Zgodzinski, Rose"
"Paxton, Maureen"
"Wortsman, Wendy"
"Williams, Pamela"
"Eckenwalder, Susan"
"Trafford, Mary"
"Endres, Robin Belitsky"
"Sturman, Susan"
"Higdon, Christine"
"Paxton, Maureen"
"Geltner, Gail"
"Graham, Heather"
"Wortsman, Wendy"
"Klunder, Barbara"
"Brandt, Deborah"
"Bull, Hank"
CCMC Quartet (Collective)
"Craig, Kate"
"Dyson, Brian"
"Filliou, Robert"
General Idea (Collective)
HP (Collective)
"Loeffler, Carl"
"Mabie, Don"
"Mccaffery, Steve"
"Ready, Patrick"
"Higdon, Christine"
"Geltner, Gail"
"LaFrance, Laurie"
"Dionisi, Sandra"
"Thornhill, Jan"
"Maclennan, Joss"
"Maxwell, Denise"
"Wilcox, Beth"
"Meigs, Mary"
"Paxton, Maureen"
"Mahoney, Elinor"
"Paxton, Maureen"
"Klein, Helen"
"Eckbert, Connie"
"Hutchinson Brown, Lynne"
"Hitzeroth, Connie"
"Maclennan, Joss"
"Nations, Opal L."
"Wong, Paul"
"Covit, Linda"
"Stewart, Susan"
Ant Farm
"Lord, Chip"
"Garner, Phil"
"Walczewski, Janet"
"Resnick, Marcia"
"Higgins, Dick"
"Steele, Lisa"
"Hompson, Davi Det"
"D'Or, Vic"
"DISHES, The"
"Buski, Rosanne"
"Casteldine, Ruth"
"Chicago, Judy"
"Edelson, Mary Beth"
"Frenkel, Vera"
"Glenn-Copeland, Beverly"
"Henes, Donna"
"Kenney, Gail"
"Lobell, Mimi"
"Marchessault, Jovette"
"Nin, Anais"
"Pugen, Diane Fern"
"Samuel, Deborah"
"Schneemann, Carolee"
"Sim, Eleanor"
"Walsh, Alida"
"Preito, Claire"
"McTair, Roger"
"Dhar, Meena"
"Martin, Stephanie"
"Matoush, Glenna"
"Miles, Geoff"
"Pottie, Ambrose"
"Girling, Oliver"
"Sorensen, Carol"
"Meigs, Mary"
"Onodera, Midi"
"Hori, Pamela"
"Golding, Sue"
"Arrand, Coral"
"Pearson, Ann"
"Paxton, Maureen"
"Quigley, Anne"
"Sturman, Susan"
"Bannerji, Himani"
"Brand, Dionne"
"Dernoi, Christine"
"Fernie, Lynne"
"Freeman, Victoria"
"Geltner, Gail"
"Graham, Heather"
"Lambert, Claudia"
"Harvey, Lynn"
"Klunder, Barbara"
"Maclennan, Joss"
"McLain, Janice"
"Mcwatt, Tessa"
"Paxton, Maureen"
"Schulman, Sarah"
"Shaw, Joan Fern"
"Shipton, Susan"
"Sturman, Susan"
"Wortsman, Wendy"
"Zgodzinski, Rose"
"Davey, Moyra"
"Pollard, Jacqueline"
"Paxton, Maureen"
"Martin, Stephanie"
"Jankola, Beth"
"Maclennan, Joss"
"Rosler, Martha"
"Fairskye, Merilyn"
"Weiland, Joyce"
"Maclennan, Joss"
"Trafford, Mary"
"Kelly, Mary"
"Barndt, Deborah"
"Lok, Linda"
"Gallagher, Dawna"
Sistren (Collective)
"Mackenzie, Elizabeth"
"Robins, Blair"
"Sturman, Susan"
"Needham, Wilma"
"av Maat, Sara"
"Maclennan, Joss"
"James, Barbara"
"Wortsman, Wendy"
"Bobryk, Bonnie"
"Bronson, AA"
"Dyson, Brian"
"Chitty, Elizabeth"
"Beuys, Joseph"
"Cypis, Dorit"
"Baldessari, John"
"Iimura, Taka"
"Dolan, Fredrick"
"Snake, Sheila"
"Kauffman, Kathy"
"Askevold, David"
"Pinkel, Sheila"
"Tzanetopoulos, Paul"
"Sherman, Tom"
"Werden, Rodney"
"CLICHETTES, The"
"Perry, Al"
"Boyarski, Al"
"Cockburn, Bruce"
"Cameron, B. A."
"Clough, Annette"
"Colvey, Stephanie"
"Di Michele, Mary"
"Gems, Pam"
"Gibson, Margaret"
"Jankola, Beth"
"Jones, Laura"
"Kenney, Gail"
"Lessing, Doris"
"Moscovitch, Arlene"
"Roy, Gabrielle"
"Voyce, Julie"
"Wiseman, Adele"
"Zaborska, Marta"
"Burrows, Tom"
"Bonnard, Pierre"
"Léger, Fernand"
"Carr, Don"
"Johnston, Jude"
"Davis, Christine"
"Miles, Geoff"
"Arcand, Pierre-André"
"Laliberté, Sylvie"
"Martel, Richard"
"Schneemann, Carolee"
"Chitty, Elizabeth"
"Mantle, Arlene"
"Shiomi, R.A."
"Kogawa, Joy"
"Wah, Fred"
"Kiyooka, Roy"
"Borden, Lizzie"
"White, Carolyn"
"Ramond, Françoise"
"Finley, Karen"
"Jolicoeur, Nicole"
"Kelly, Mary"
"Steven, Peter"
"Kell, Robert"
"Klunder, Barbara"
"Condé, Carole"
"Beveridge, Karl"
"Eckhert, Connie"
"Miller, Jim"
"Stimac, Charles"
"Allen, Lillian"
"Simon, Paul"
"Novotny-Jones, Mari"
"Hatoum, Mona"
"Moores, Marg"
"Johnston, Jude"
"Martin, Stephanie"
"Levitt, Nina"
"Macdowall, Cyndra"
"Kureishi, Hanif"
"Kellhammer, Oliver"
"Brink, André"
"Cronenberg, David"
"Dako, Peter"
"Fabo, Andy"
"Johnson, Linton Kwesi"
"Michaleski, Bernard R.J."
"Miles, Geoff"
"Westbury, Tim"
"Vereschagin, David"
"Necakov, Lillian"
"Merrill, Michael"
"Andrews, Stephen"
"Miller, Eric"
"Samuels, J."
"Miles, Geoff"
"Berland, Jody"
"Donegan, Rosemary"
"Anderson, John"
"Beveridge, Karl"
"Britton, Susan"
"Bull, Hank"
"CLICHETTES, The"
"Cohen, Lynne"
"Conde, Carole"
"Fones, Bob"
General Idea (Collective)
"Gledhill, Randy"
"Hammer, Barbara"
"Kenner, Hugh"
"Kosuth, Joseph"
"Lewis, Glenn"
"Lewis, Marien"
"Lota-Totino, Arrigo"
Owen Sound
"Patterson, Andy"
"Robertson, Clive"
"Sherman, Tom"
"Steele, Lisa"
"Vanderzaag, Elizabeth"
"Wong, Paul"
"Vereschagin, David"
"Sorensen, André"
"Duvet, Jean"
"Kelly, Suzanne"
"McLeod, Catherine"
"Davis, Christine"
"Miles, Geoff"
"Velasquez, Diego"
"Muybridge, Eadweard"
"Scott, John"
"Till, Paul"
"Sramek, Peter"
"Chicago, Judy"
"Leeson, Lorraine"
"Dunn, Peter"
"Binnington, Dave"
"Hackett, Laura"
5th Column
"Mitchell, Dean"
"Werger, Daniel"
"Buchbinder, Amnon"
"Wharton, Glenda"
"Russo, Vito"
"Kujundzic, Claire"
"Sutherland, Harry"
"Adair, Peter"
"Scholten, Yvonne"
"Poyraz, Sema"
"Rock, Joyce"
"Bissonnette, Sophie"
"Duckworth, Martin"
Cine Mujer (Collective)
"Citron, Michelle"
"Deren, Maya"
"Hammer, Barbara"
"Gervais, Raymond"
"Levitt, Nina"
"Gorlitz, Will"
"Simon, Paul"
"Leduc, Paul"
"Solanas, Fernando"
"Christie, Julie"
"Duran, Jorge"
"Zurinaga, Marcos"
"Solas, Humberto"
"Amaral, Zuzana"
"Atwood, Margaret"
"Elgin, Suzette Haden"
"Fairbairns, Zoe"
"Le Guin, Ursula K."
"Selkirk, John"
"Selkirk, Gordon"
"Dudoward, Valerie"
"Coppola, Francis"
"Hiller, Susan"
"Kamins, Jean"
"Nicol, Nancy"
"Brecht, George"
Talking Heads
Throbbing Gristle
"Fones, Robert"
"Massey, John"
General Idea
"Zweig, Janet"
"Whiteside, George"
"Greenwood, Gary"
"Jackson, Joe"
"Parachute Club, The"
"Pelican Players, The"
"English, Rose"
"Churchill, Caryl"
"Lillo, Larry"
"Godard, Jean-Luc"
"Radziwilowicz, Jerzy"
"Bresson, André"
"Cullen, Gregod"
"Callaghan, Michael"
"Stevenson, Sharon"
"Allan, Lillian"
"Joseph, Clifton"
Four the Moment (Collective)
"Endres, Robin"
Never Again Affinity Group (Collective)
"Gostick, Sheila"
"Barber, Bruce"
"Bociurkiw, Marusia"
"Kemp, Penny"
Mecate (Collective)
"Behnan, Michael"
"Brown, Sam"
"Cliff, Jimmy"
"Dyson, Brian"
"Woodrow, Paul"
"Moller, Peter"
"Furlong, William"
"Cage, John"
"Richards, Dean"
"O'shea, Hannah"
Anti-Music
"Anderson, Laurie"
"Chesworth, David"
"Owen, Robert"
"Schafer, Murray"
"Eno, Brian"
"Apple, Jacki"
"Lambert, Lothar"
"Cooper, Dennis"
B-52's
"Campbell, Colin"
"Cimino, Michael"
"Davies, Di"
"Dragu, Margaret"
"English, Rose"
General Idea (Collective)
"Glandfield, Lou"
"Glass Orchestra, The"
"Gumbley, Steve"
"Hockney, David"
I. O. U. (Collective)
"Kaiser, Henry"
"Kondo, Toshinori"
"Lockhart, Lizzie"
"Monday Orchestra, The"
"Moore, Brodnax"
"New Music Co-op, The"
"Nihilist Spasm Band, The"
"Oswald, John"
"Parker, Evan"
Randy and Bernicci
"Sinclair, John"
"Tubes, The"
"Waisvisz, Michel"
"Wheeler, David"
"Campbell, Colin"
"Ross, David"
"Friedkin, William"
"Watkins, Peter"
"Beuys, Joseph"
"Falardeau, Pierre"
"Poulin, Julien"
"Graham, Dan"
"Birnbaum, Dara"
"Glier, Mike"
"Lippard, Lucy"
"Rickaby, Tony"
"Immendorff, Jorg"
"Fitzgibbon, Coleen"
"Williams, Reese"
"Wex, Marianne"
"Naidus, Beverly"
"Hendricks, Jon"
"Toche, Jean"
Throbbing Gristle
"Pas, Gerard"
"Conti, Haroldo"
"Galeano, Eduardo"
"WOOSTER GROUP, The"
"Lecompte, Elizabeth"
"Bechtol, Valerie"
"Keller, Julie"
Mother Art
"Lacy, Suzanne"
"Cagan, Steve"
"Arnold, Kathy"
"Hughes, Mary Lynn"
"Millner, Sherry"
"Marruwarr, Y."
"Martin, Messi"
"Shepp, Archie"
"Murray, Ian"
"Brook, Michael"
"Tucker, John"
"Gaysek, Fred"
"Westerkamp, Hildegard"
"Eno, Brian"
Horizontal Vertical Band (The)
"Monro, Jim"
"Patwardhan, Anand"
"May, Derek"
"Wong, Paul"
"Birnbaum, Dara"
"Anderson, Laurie"
"Sondheim, Alan"
"Brand, Dionne"
"Pelican Players, The"
"Cardenal, Ernesto"
"Mars, Tanya"
"Householder, Johanna"
Anna Project Collective (Collective)
"Kelly, Mary"
"Borden, Lizzie"
"Khuri, Suzanne Odette"
"Johnston, Jude"
"Raudvee, Leena"
"Johnson, Nancy"
"Mojica, Monique"
"Mercasty, Billy"
"Miquel, Gloria"
"Le Compte, Liz"
"WOOSTER GROUP, The"
"Mtwa, Percy"
"Ngema, Mbongeni"
"Simon, Barney"
"Zaag, Elizabeth Vander"
Gayap Rhythm Drummers (The)
"Carter, Betty"
Mama Quilla II (Collective)
"Sky, Laura"
"Meszaros, Marta"
"Taubin, Amy"
"Beckman, Ericka"
"Parkerson, Michele"
"Shearer, Jackie"
"Edelson, Mary Beth"
"Stevens, May"
"Sharon, Miriam"
"Perin, Romaine"
"Becker, Nan"
"Fraser, John"
"Ruebsaat, Rika"
"Bartlett, Jon"
"Walls, Jerry"
"Sturman, Susan"
"Cavellini, Guglielmo Achille"
Mobile Image (Collective)
"Galloway, Kit"
"Rabinowitz, Sherrie"
"Rooney, Frank"
"Wright, Willie"
"Lucas, Harry"
"Mercury, Eric"
"McClean, Cy"
"Williamson, Cris"
"Wilson, Nancy"
Throbbing Gristle
"Orridge, Genesis P."
"Carter, Chris"
"Tutti, Cosey Fanni"
"Christopherson, Peter"
"Vicious, Sid"
"Rotten, Johnny"
"Temple, Julien"
"Tulaugak, Alaci"
"Amarualik, Lucy"
"Raincoats, The"
"da Silva, Anna"
"Birch, Gina"
Palmolive
"Aspinall, Vicky"
Deutsch Amerikanische Freundschaft (D.A.F.)
"Government, The"
"Slits, The"
"Koff, David"
"Hearthfield, John"
HACKNEY FLASHERS (Collective)
"Astman, Barbara"
"Lijn, Liliane"
"Anderson, Kathy"
"Graham, Heather"
"Barfoot, Joan"
"Boucher, Denise"
"Millett, Kate"
"Wittig, Monique"
"Johnston, Jill"
"Astman, Barbara"
"Brossard, Nicole"
"Marchessault, Jovette"
"Blais, Marie-Claire"
"Lasnier, Rina"
"Renaud, Thérèse"
"Gleyzer, Raymondo"
"Elwes, Catherine"
"Kidron, Beeban"
"Richardson, Amanda"
"Jackson, Michael"
"Winter, Chris"
"Blackbridge, Persimmon"
"Imamura, Shohei"
"Dorrie, Doris"
"Erdoss, Pal"
"Frenkel, Vera"
"Dobkin, Alix"
"Wong, Paul"
"Reinhardt, Jeanette"
"Daniels, Gina"
"Bourgeois, Gary"
"Thiong'o, Ngugi Wa"
D.o.a.
"Creighton-Kelly, Chris"
"Shedden, Leslie"
"Nicol, Nancy"
"Lundman, Janis"
"Wong, Paul"
"Chan, Tony"
"Paik, Nam June"
"Oliveros, Marlin"
Tara Arts Group (Collective)
"Thiong'o, Ngugi Wa"
"Steele, Lisa"
"Tomczak, Kim"
"Montague, Masani"
"Haughton, Devon"
"Mandiela, Ahdri Zhina"
"Lozano, Jorge"
"Longfellow, Brenda"
"Mcmahon, Marion"
"Armatage, Kay"
"Garcia, Luis Osvaldo"
"Doyle, Judith"
"Ahmed, Yanus"
"Bean, Bob"
"Craig, David"
"Lippard, Lucy"
"Arnold, Kathy"
"Kaplan, Nelly"
"Baillargeon, Paule"
"Armitage, Kay"
"Hammer, Barbara"
"Chitty, Elizabeth"
"Klein, Bonnie"
"Henderson, Ann"
"Ryan, Toby"
"Wexley, John"
"Constable, Mike"
"Riordon, Michael"
"Shaw, Rod"
"Fairskye, Merilyn"
"Dolk, Michiel"
"Stewart, Jeff"
"Hay, David"
"Clancy, Marg"
"Lander, Ned"
"Gruben, Patricia"
"Cortez, Jayne"
"Ulloa, Yolanda"
"Salado, Minerva"
"Alonso, Digdora"
"Morejon, Nancy"
"Rodriguez, Reina Maria"
Crowsfeet Dance Collective (Collective)
Little Theatre Groupe (Collective)
People's Little Theatre (Collective)
"Dutta, Madhushri"
Time and Space Limited (Collective)
"Serra, Graciela"
"Fornéz, Maria Irene"
"Pelletier, Pol"
"Shenkar, Joan"
"Ho, Yim"
"Coutinho, Eduardo"
"Olivera, Hector"
"Almodovar, Pedro"
"Gregson, Sandra"
"Branfman, Suchi"
"Malaret, Marel"
"Barling, Marion"
"Tenhaaf, Nell"
"Mavor, Ann"
"Hanson, John"
"Davis, Lynn"
"Khur, Yan"
"Mack, John"
"Von Gloeden, Baron Wilhelm"
"Harvey, Jonathan"
"Layzell, Richard"
"Nannucci, Maurizio"
"Beuys, Joseph"
"Aperque, Ingrid"
"Bridle, Alan"
"Rosenthal, Alan"
"Hollingsworth, Michael"
"Trengove, Kerry"
"Horn, Rebecca"
"Rosenbach, Ulrike"
"Knoebel, W."
"McCrimon, Bruce"
Mitchelangelo
"Reed, Chris"
"Tomczak, Kim"
"George, Peter"
"Cummins, Jim"
"Donovan, Keith"
"Craig, Kate"
Devo
"Government, The"
"Crutchfield, R. L."
Flirt
"Perry, Janice"
Four the Moment (Collective)
"Mabon, Johanne"
"Spence, Barb"
"Obosawin, Alanis"
"Haas, Maara"
"Hill, Miche"
"Marlatt, Daphne"
"Warland, Betsy"
"Spotted Eagle, Chris"
"Parkerson, Michelle"
"Ratnam, Premika"
"Brand, Dionne"
"Fung, Richard"
"Ruiz, Raul"
"Huillet, Daniele"
"Straub, Jean-Marie"
"Goldberg, Roselee"
"Ball, Hugo"
"Jonas, Joan"
"Miller, Tim"
General Idea (Collective)
"Mclaren, Ross"
"Swidzinski, Jan"
"Jenkins, Patrick"
"Chapman, Peter"
"Gronau, Anna"
"Morris, Michael"
"Lewis, Glenn"
"Craig, Kate"
"Metcalfe, Eric"
"Trasov, Vincent"
"Krikorian, Tamara"
"Buchan, David"
"Kramer, Margia"
"Holt, Nancy"
"Wilson, Martha"
"Plastic People, The"
"Anderson, Laurie"
"Buchan, David"
"Bull, Hank"
"Cantin, Jean-François"
"Chitty, Elizabeth"
"CLICHETTES, The"
"Del Monte, Lamonte"
"Dion, Daniel"
"Ellison, Jane"
General Idea (Collective)
"Government, The"
"Guimond, Daniel"
"HUMMER SISTERS, The"
Marshalore
"Metcalfe, Eric"
Murray Ball and the Fruitcups (Collective)
Randy and Berneche (Collective)
"Robertson, Clive"
"Sherman, Tom"
"Spodarek, Diane"
"Tourbin, Dennis"
"Werden, Rodney"
"Allen, Lillian"
"Bryans, Billy"
"Bobb, Greg"
"Mars, Tanya"
"Walker, Alice"
"Hansraj, Luther"
"Lam, Ed"
"Kleist, Makka"
"Leeming, Frances"
"Philips, Paulette"
"Morrison, Christian"
"Lynch, Shaun"
"Porter, John"
"Mangaard, Annette"
"Steiner, Edie"
"Abrams, Rhonda"
"Bhaggiyadatta, Krisantha Sri"
"Greyson, John"
"Cannon, Marcia"
"Brocka, Lino"
"Constable, Mike"
"Chan, Anthony B."
"Fung, Richard"
"Kibbins, Gary"
"Robertson, Clive"
"Campbell, Colin"
"Fernie, Lynne"
"Coutts-Smith, Kenneth"
Sistren (Collective)
"Elliott, Beverly"
"Stephenson, Cerene"
"Hanson, Beverly"
"Smith, Jasmin"
"Knowles, Rebecca"
"Todd, Jerline"
"Lewis, Vivette"
"Foster, Lillian"
"Burrell, Lorna"
"Thompson, May"
"Finikin, Lana"
"Campbell, Betti"
"Hiller, Susan"
"Lacy, Suzanne"
"Labowitz, Leslie"
"Antin, Eleanor"
"Finn-Kelcey, Rose"
"Rosler, Martha"
"Gaulke, Cheri"
"Reedy, Carlyle"
"Potter, Sally"
"Montano, Linda"
"English, Rose"
"Paik, Nam June"
"Nicol, Nancy"
"Cohn, Norman"
"Steele, Lisa"
"Metcalfe, Eric"
"Atchley, Dana"
"Sherman, Tom"
"Clarke, Wendy"
"Lister, Ardele"
"Orsler, Tony"
RANDY & BERENICCI
"Lord, Chip"
"Craig, Kate"
"Morin, Robert"
"Defour, Lorraine"
"Tomczak, Kim"
"Chitty, Elizabeth"
"Campbell, Colin"
"Britton, Susan"
"Lewis, Marien"
General Idea (Collective)
"Tanaka, Janice"
"Frenkel, Vera"
"Werden, Rodney"
"Rached, Tahani"
WOMEN IN FOCUS (Vancouver)
"Harvey, Andy"
"Berger, Tom"
"Mckiggan, Bill"
"Cohn, Norman"
"Chmilar, Teri"
"Arcand, Denys"
"Izon, Sonny"
"Klein, Judy Graf"
"Honig, Josh"
"Davis, David"
"Choy, Christine"
"Dennis, John"
"Mallson, Nicola"
"Mason, Dawn"
"Moule, Ron"
"Morris, Ieuan Rhys"
"Rock, Joyce"
"Berger, Tom"
"Mckiggan, Bill"
"Goss, Jim"
"Ledsham, Brenda"
"Steele, Lisa"
"Nicol, Nancy"
"Posner, Judith"
"Kudelka, Jan"
"Dale, Holly"
"Cole, Janice"
"Pelletier, Pol"
"Weinzweig, Helen"
"Fraticelli, Rina"
"Endre, Robin"
"Waugh, Phyllis"
"Fernie, Lynne"
"Gruben, Patricia"
"Raudvee, Leena"
"Patterson, Pam"
"Carter, Lyn"
"Cornwall, Paula"
"Baert, Renee"
"Grant, Cynthia"
"Jeffries, Pat"
"Lushington, Kate"
"Stevenson, Sharon"
"Strautins, Rita"
"Sipolins, Lalita"
"Patterson, Pam"
"CLICHETTES, The"
"Ravina, Mara"
"Mason, Joyce"
"Armatage, Kay"
"Monro, Jim"
"Wenders, Wim"
"Fuller, Sam"
"Akerman, Chantal"
"Morales, Jacobo"
"Makharam, Ababacar Samb"
"Kabore, Gaston"
"Bunuel, Joyce"
"Laure, Carole"
"Lokkeberg, Vibeke"
"Gorris, Marlene"
"Molina, Josefina"
"Goupil, Romain"
"Ahearn, Charlie"
"Sirk, Douglas"
"Hodge, Jennifer"
"McTair, Roger"
"Scott-Heron, Gil"
"Mugge, Robert"
"Bissonnette, Sophie"
"Condy-Berggold, Craig"
"Charleton, Alex"
"McCauley, Glen"
"Lozano, Jorge"
"Paterson, Andrew"
"Paisley, Mary Burdick"
"Delisle, Andrew Jr."
"Cloud, Peter Blue"
"Jacobs, Alex"
"Blair, Brian"
"Bull, Hank"
"Britton, Susan"
"Caristan, George"
"Chitty, Elizabeth"
"D'Amico, Margarita"
"Deane, Joanne"
"Dibango, Manu"
"Doucet, Paul"
"Dubin, Larry"
"Dudar, Peter"
"Eng, Lily"
"Konieczny, Marek"
"Krupa, Gene"
"Lack, Stephen"
"Laing, John"
"Lozano, Jorge"
"Manzo, Luis"
"Marquez, Hugo"
"Muntadas, Antonio"
"Risquez, Diego"
"Sanoja, Sonia"
"Steele, Lisa"
"Sembene, Ousmane"
"Mattes, Al"
"Mitchell, John"
"Moyle, Allan"
"Beveridge, Karl"
"Tomczak, C.K."
"Waldemar, Delima"
"Zerpa, Carlos"
"Conde, Carole"
"Elwes, Catherine"
"Greyson, John"
"Chagnon, Alain"
"Mitchell, Michael"
"Wollheim, Peter"
"Crépô, Pierre"
"Heath, David"
"Robertson, Clive"
"Hout, Robert"
"Rios, Michael"
"Leeson, Lorraine"
"Dunn, Peter"
"Levine, Jack"
"Philip, Marlene"
"Harris, Claire"
"Ward, Fred"
"Bociurkiw, Marusia"
"Bishop, Ruth"
"Bossin, Bob"
"Diamond, Sara"
"Rynard, Su"
"Zaag, Elizabeth Vander"
"Paradis, Marc"
"Bourdon, Luc"
"Courchesne, Luc"
General Idea (Collective)
Current Video
"Schadt, Christa"
"Griffiths, Linda"
"Heratix, The"
Demi-monde
"Lydbrooke, Marian"
"Stef, Elaine"
"Mckeough, Rita"
"Vanderbilt, Gabriella"
"Sturman, Susan"
"Allen, Lillian"
"Bryans, Billy"
"Sasaki, Tomiyo"
"Steinman, Barbara"
"Wong, Paul"
"Wyngaarden, Cornelia"
"Carr-Harris, Ian"
"Dean, Max"
"Tomas, David"
RANDY & BERENICCI
"Craig, Kate"
"Frenkel, Vera"
"Zhina, Ahdri"
"Layabouts, The"
"Tomczak, Kim"
"Steele, Lisa"
"Grant, Eddy"
"Tosh, Peter"
Black Uhura
Mutabaruka
"Brown Jr., Oscar"
"Moral Lepers, The"
"Lyne, Adrian"
"Hedley, Tom"
"Esterhas, Joe"
"Borden, Lizzie"
"Brand, Dionne"
"Van der KEUKEN, JOHAN"
"Greyson, John"
"Chen, Margaret"
"Kennedy-Kish, Banakonda"
"Wong, Megan Vun"
"Bailey, Beatrice"
"Mossop, Rowley"
"Balser, Michael"
"Mcintosh, David"
"Growshaw, George"
"Maclean, David"
Jargan (Collective)
Teocoyani (Collective)
Sistren (Collective)
Ground Zero (Collective)
Company of Sirens (Collective)
"Bersianik, Louky"
"Marchessault, Jovette"
"Brossard, Nicole"
"Abrams, Rhonda"
"Day, Dennis"
"Payne, Tess"
"Rynard, Su"
"Murray, Carla"
"Diamond, Sara"
"Campbell, Colin"
"Werden, Rodney"
"Goldberg, Michael"
"Bociurkiw, Marusia"
"Fung, Richard"
"Gostick, Sheila"
"Bronson, AA"
"Lypchuk, Donna"
"Lewis, Glenn"
"Tosh, Peter"
"Rams, Dieter"
"Kounellis, Janis"
"Mason, Bobbie Ann"
"Beattie, Ann"
"Gibson, Chryse"
"Vernon, Phil"
"Bociurkiw, Marusia"
"Bishop, Ruth"
"De Landa, Manuel"
"Poe, Amos"
"Dick, Vivienne"
"Friedrich, Su"
"Mitchell, Eric"
"Katz, Leandro"
"Thornton, Leslie"
"Gordon, Bette"
"Rainer, Yvonne"
"Chuma, Yoshiko"
"Jarmusch, Jim"
"Monk, Meredith"
"Sherman, Stuart"
"Rappaport, Mark"
"Lunch, Lydia"
"Oblowitz, Michael"
"WOOSTER GROUP, The"
"Driver, Sara"
"Mclaughlin, Sheila"
"Tillman, Lynne"
"Gruben, Patricia"
"Macgillivray, Bill"
"Armatage, Kay"
"Burgess, Marilyn"
"Sandmark, Peter"
"Wright, Jane"
"Marshall, John"
"L'abbé, Martin"
"Zarzycki, Jan"
"Will, John"
"Fairfield, Paula"
"Walker, Wendy"
"Peacock, Jan"
"Barbès, François"
"Hatoum, Mona"
"Lean, David"
"Gunterman, Madeline"
"Hayman, Sasha"
"Blewchamp, Anna"
"Jarvis, Judy"
"Householder, Johanna"
"Lake, Suzy"
"Roth, Evelyn"
"Wieland, Joyce"
"Walker, Joy"
"Esler, Annemarie Schmid"
"Haeseker, Alexandra"
"Hendershot, Janet"
"Whiten, Colette"
"Pratt, Mary"
"Westerlund, Mia"
"Oliver, Bobbie"
"Jenkins, Sarah C."
"Lutkenhaus, Almuth"
"Clough, Annette"
"Maclennan, Joss"
"Powell, Lynda"
"Pugen, Diane"
"Carr-Locke, Peter"
"Baptiste-Kramer, Ida"
"O'keeffe, Georgia"
"Beresford-Howe, Constance"
"Chicago, Judy"
"Strickland, Walter"
"Porter, John"
"Costard, Helmuth"
"Green, Anita"
"Lowe, Bia"
"Lumbard, Paula"
"McCaleb, Lyric"
"Wong, Christine"
"Angelo, Nancy"
"Wolverton, Terry"
"Stifter, Catherine"
TBA (collectif)
"Mack, Teresa"
"Ellison, Richard"
"Feldhaus-Weber, Mary"
"Child, Jon"
"Herbes, Christine M."
"Roman, Jo"
"Pilger, John"
"Richter, Robert"
"Thomas, Tony"
"Fanning, David"
"Johnson, Tom"
"Bird, Lance"
"Thurber, Robert"
"Korine, Sol"
"Dunlop, Blaine"
"Metcalfe, Eric"
"Graham, Dan"
"Ashby, Hal"
"Kosinski, Jerzy"
"Sellers, Peter"
"Nash, Peggy"
"Mahler, David"
"Neil, Al"
"Bartlett, Martin"
"Zapeda, Antonio"
"Radunskaya, Amy"
"Rothenburgs, Jerome"
"Cavellini, Guglielmo Achille"
"Groombridge, Brian"
"Razutis, Al"
"King, Allan"
"Elder, Bruce"
"Ditta, Susan"
"Bierk, David"
"McLachlan, Ian"
"Prent, Mark"
"Hammer, Barbara"
"Nigro, Richard"
Mecate (Collective)
"Rojas, Luis"
"Rashid, Mamunur"
"Maza, Bob"
Northern Delights Theatre Group (Collective)
Carifuna (Collective)
"Campbell, David"
"Diegues, Carlos"
"Barbosa, Jarbos"
"Scott-Heron, Gil"
Sweet Honey in the Rock
Taj Mahal's Intergalactic Soul Messengers Band
"Burgin, Victor"
Dance Theatre Workshop (Collective)
"Akerman, Chantal"
"Werden, Rodney"
"Abrams, Rhonda"
"Dignard, Yvonne"
"Amis, Ric"
"Goldhar, Shalhevet"
"Bowman, John"
"Day, Dennis"
"Rynard, Su"
"Condy-Berggold, Craig"
"Robertson, Clive"
"Askevold, David"
"Campbell, Colin"
"Connolly, Michael"
"Harris, Malcolm"
"Steele, Lisa"
"Tomczak, Kim"
"Morgan, Steev"
"Dragu, Margaret"
"Shea, Geoffrey"
"Kibbins, Gary"
"Schadt, Christa"
RANDY & BERENICCI
"Balser, Michael"
"Danielson, Lana"
"Reid, Nancy"
"Paterson, Andrew"
"Lozano, Jorge"
"Bishop, Ruth"
"Bociurkiw, Marusia"
"Hume, Harriet"
"Barbour, Yael"
"Len, Robin"
"Phillips, Paulette"
"Hale, Amanda"
"Golan, Donna"
"Schroder, Elizabeth"
"Ayanoglu, Byron"
"Frenkel, Vera"
"Greyson, John"
Videocabaret
"Mars, Tanya"
"Mackenzie, Elizabeth"
"Schwarz, Judith"
"Waugh, Phyllis"
"Chan, Tony"
"Nichols, Barry"
"Woodbury, Greg"
"Watt, John"
"Fung, Richard"
"Martin, Chris"
"Morrison, Christian"
"Maclean, David"
"Graham, Derek"
"Payne, Tess"
General Idea (Collective)
"Arcand, Denys"
"Borden, Lizzie"
"Mckeough, Rita"
"Schneemann, Carolee"
"Rosler, Martha"
"Benning, James"
"Dawson, Ted"
"Duchamp, Marcel"
"Rosler, Martha"
"Campbell, Colin"
"Britton, Susan"
"Werden, Rodney"
"Doyle, Helen"
"Bourgeault, Helene"
"Nicol, Nancy"
"Campbell, Colin"
Marshalore
"Craig, Kate"
"Banger, Michael"
"Barkley, Alan"
"Black, Byron"
"Mckiggan, Bill"
"Cady, Peggy"
"Creighton-Kelly, Chris"
"Dundas, Sally"
"Frenkel, Vera"
"Gauthier, Luce"
"Gilbert, Gerry"
"Hemmings, Jeff"
"Hutchinson, Nora"
"Jeffries, Bill"
"Koot, Jan"
"Lorraine, Antony"
"Mccrimmon, Bruce"
"Mcglade, Terry"
"Mackay, Susan"
"Pas, Gerard"
"Preus, Shawn"
"Tuck, Don"
"Bodlak, Cynthia"
"Easton, Fred"
RANDY & BERENICCI
R. Dick Trace-It
"Hambleton, Richard"
"Vanderzaag, Elizabeth"
"Ward, Rick"
"Wiwcharuk, Kate"
"Metcalfe, Eric"
"Ellison, Jane"
"Stephens, David"
"Hinchcliffe, Ian"
"Ely, Roger"
"Wilson, Fraser"
"Hébert, Adrien"
"Van Horne, Sir William C."
"Brooker, Bertram"
"Hyde, Lawrence"
"Frazer, Sylvia"
"Moores, Marg"
"Schroeder, Elizabeth"
"Martin, Chris"
"Diamond, Sara"
"Mackenzie, Elizabeth"
"Phillips, Paulette"
"Blackwood, Maureen"
"Julien, Isaac"
"Lippman, Dave"
"Greyson, John"
"Dempsey, Shawna"
"Lydbrooke, Marian"
"Gilmor, Jennifer"
"McCallum, Marilyn"
"Raudvee, Lee"
"Alexander, Sandy"
"Sturman, Susan"
"Shea, Geoffrey"
"Lypchuk, Donna"
"Levan, Kaaly"
"Gill, Don"
"Roche, Brian"
"Vander Zaag, Elizabeth"
"Hagerman, Donna"
"Scheuing, Ruth"
"Wyngaarden, Corry"
"Jensen, Doreen"
"Saharan, Joe"
"Stupid Hairdoos, The (Collective)"
"Wallner, Martha"
"Patwardan, Armand"
"Kam, Winston"
"Burnett, Charles"
Mutabaruka
"Scott-Heron, Gil"
Doug and the Slugs
Loverboy
Trooper
Chilliwack
Powder Blues Band
Maurice and the Clichés
Rocky Craig and his Rockabilly Kings
"Singing Cowboys, The"
"Ulrich, Shary"
'B' Sides
David Raven and the Escorts
D.o.a.
"Subhumans, The"
"Modernettes, The"
Bludgeon Pig
"Dishrags, The"
"Pointed Sticks, The"
"Raisonettes, The"
"Young Canadians, The"
Los Popularos
Images in Vogue
Animal Slaves
Rhythm Mission
"Moral Lepers, The"
"Christian, Meg"
"Williamson, Chris"
Sweet Honey in the Rock
"Coad, Wendy"
"Robinson, Peggy"
"Wilson, Doug"
"McGehee, Peter"
"Allen, Lillian"
"Bhaggiyadatta, Krisantha"
"Hoch, Hannah"
"Sourkes, Cheryl"
"Warland, Betsy"
"Blackbridge, Persimon"
"Gilhooley, Sheila"
"Diamond, Sara"
"Quigley, Anne"
"Elphick, Robyn"
Meet the Navy (collective)
"Pelletier, Pol"
"Weinzweig, Helen"
"Marchessault, Jovette"
"de Antonio, Emile"
"Mann, Ron"
"Cortez, Jayne"
"Baraka, Amiri"
"Marley, Bob"
"Beveridge, Karl"
"Collyer, Robin"
"Johnson, Nancy"
"Steele, Lisa"
"Wodiczko, Krzysztof"
"Ditta, Susan"
"Graham, Heather"
"MacLennan, Joss"
"Dragu, Margaret"
"Steele, Lisa"
"Levitt, Nina"
"Armatage, Kay"
"Taylor, Susan"
"MacLennan, Joss"
"Gautreau, Suzanne"
"Paxton, Maureen"
"Maxwell, Denise"
"Taylor, Susan"
"MacLennan, Joss"
"Sky, Laura"
"Graham, Heather"
"Griffiths, Linda"
"Chitty, Elizabeth"
"Malpede, Karen"
"Baker, Peggy Smith"
"Harris, Valerie"
"Maxwell, Denise"
"Cheron, Elizabeth Sophie"
"De Carlo, Yvonne"
"Dressler, Marie"
"Shearer, Norma"
"Pickford, Mary"
"Keeler, Ruby"
